{
  "device": "mps",
  "n_test": 18000,
  "mae": 0.0020105328876525164,
  "rmse": 0.0026242369785904884,
  "max_abs_error": 0.01854085922241211,
  "mape_pct": 2.0867466926574707,
  "by_moneyness": {
    "OTM": {
      "count": 6623,
      "rmse": 0.002047080546617508
    },
    "ATM": {
      "count": 4619,
      "rmse": 0.0027813215274363756
    },
    "ITM": {
      "count": 6758,
      "rmse": 0.0029913997277617455
    }
  }
}